{"2": [28.845806797960222, 318.6306056109999], "1": [28.83885416522503, 511.15701992816304]}