{"publicador": "admin", "state_optimizacion": false, "potencia_demandada": 1200, "numero_de_agentes": 3, "num_iteraciones": 10000, "data": {"1": 511.15701992816304, "2": 318.6306056109999, "3": 370.27682020464516}}