{"1": [28.83885416522503, 511.15701992816304], "3": [28.866650563040366, 370.2723364173071], "2": [28.845806797960222, 318.6306056109999]}