{"2": [28.845806797960222, 318.6306056109999], "3": [28.852930173785808, 370.27682020464516]}