{"1": 511.15701992816304, "2": 318.6306056109999, "3": 370.2768795059613}